job_role,skills
Data Scientist,Python SQL Machine Learning Data Analysis Statistics Pandas
DevOps Engineer,AWS Docker Kubernetes CI/CD Automation Linux Cloud
Backend Developer,Java Python SQL APIs Backend Databases REST
Cloud Architect,AWS Cloud Computing Networking Security Automation Docker
Machine Learning Engineer,Python Machine Learning TensorFlow Data Structures Algorithms Neural Networks
Frontend Developer,JavaScript HTML CSS React UI Frontend Web Design
Data Analyst,SQL Excel Python Data Analysis Visualization Statistics
Systems Administrator,Linux Networking Automation Cloud Security Servers
Full Stack Developer,JavaScript Python SQL React APIs Backend Frontend
Cybersecurity Analyst,Security Networking Python Cryptography Linux Cloud
